{
  "class": "RecommendContentWidget",
  "globalVariable": {
    "netSource": {
      "type": "Map",
      "name": "netSource",
      "value": {
        "base_info": "{\"name\" : \"默认\"}"
      }
    }
  },
  "method": {
    "build": {
      "method": "build",
      "return": {
        "widget": "Column",
        "mainAxisAlignment": {
          "key": "MainAxisAlignment",
          "value": "start"
        },
        "crossAxisAlignment": {
          "key": "CrossAxisAlignment",
          "value": "start"
        },
        "children": [
          {
            "widget": "Container",
            "height": 8.8,
            "color": {
              "widget": "Color",
              "value": 4294967295,
              "type": "int"
            }
          },
          {
            "widget": "Container",
            "margin": {
              "widget": "EdgeInsets",
              "method": "only",
              "left": 16,
              "right": 16,
              "top": 14
            },
            "child": {
              "widget": "Text",
              "value": "相关推荐",
              "style": {
                "widget": "TextStyle",
                "color": {
                  "key": "Colors",
                  "value": "red"
                },
                "fontSize": 16,
                "fontWeight": {
                  "key": "FontWeight",
                  "value": "bold"
                }
              },
              "maxLines": 2,
              "overflow": {
                "key": "TextOverflow",
                "value": "ellipsis"
              }
            }
          },
          {
            "widget": "Container",
            "margin": {
              "widget": "EdgeInsets",
              "method": "only",
              "left": 16.5,
              "right": 16,
              "top": 14
            },
            "height": 166.0,
            "child": {
              "widget": "GridView",
              "method": "builder",
              "scrollDirection": {
                "key": "Axis",
                "value": "horizontal"
              },
              "itemCount": 3,
              "gridDelegate": {
                "widget": "SliverGridDelegateWithMaxCrossAxisExtent",
                "maxCrossAxisExtent": 166,
                "mainAxisSpacing": 11
              },
              "itemBuilder": {
                "return": {
                  "privateVariable": {
                    "item": {
                      "type": "Map",
                      "name": "item",
                      "value": {
                        "value": "base_info",
                        "key": "netSource"
                      }
                    },
                    "title": {
                      "type": "String",
                      "name": "title",
                      "value": {
                        "value": "name",
                        "key": "item"
                      }
                    }
                  },
                  "widget": "GestureDetector",
                  "child": {
                    "widget": "Container",
                    "color": {
                      "key": "Colors",
                      "value": "white"
                    },
                    "child": {
                      "widget": "Column",
                      "children": [
                        {
                          "widget": "Container",
                          "alignment": {
                            "key": "Alignment",
                            "value": "center"
                          },
                          "height": 102,
                          "child": {
                            "widget": "ClipRRect",
                            "borderRadius": {
                              "widget": "BorderRadius",
                              "method": "circular",
                              "value": 5,
                              "type": "int"
                            },
                            "child": {
                              "widget": "CachedNetworkImage",
                              "imageUrl": "\"\"",
                              "placeholder": {
                                "return": {
                                  "widget": "Image",
                                  "method": "asset",
                                  "value": "image/bg_image_placeholder.png",
                                  "fit": {
                                    "key": "BoxFit",
                                    "value": "fill"
                                  },
                                  "params": {
                                    "_context": {
                                      "type": "BuildContext",
                                      "value": "_context"
                                    },
                                    "url": {
                                      "type": "String",
                                      "value": "url"
                                    }
                                  }
                                }
                              }
                            }
                          }
                        },
                        {
                          "widget": "Container",
                          "margin": {
                            "widget": "EdgeInsets",
                            "method": "only",
                            "top": 10
                          },
                          "child": {
                            "widget": "Text",
                            "style": {
                              "widget": "TextStyle",
                              "color": {
                                "key": "Colors",
                                "value": "red"
                              },
                              "fontSize": 16
                            },
                            "maxLines": 2,
                            "overflow": {
                              "key": "TextOverflow",
                              "value": "ellipsis"
                            },
                            "value": {
                              "key": "title"
                            }
                          }
                        }
                      ]
                    }
                  },
                  "onTap": {
                    "return": {
                      "privateVariable": {
                        "widget": "dynamicClicked",
                        "value": "testIdentifier"
                      },
                      "params": {}
                    }
                  },
                  "params": {
                    "_context": {
                      "type": "BuildContext",
                      "value": "_context"
                    },
                    "dynamicIndex": {
                      "type": "int",
                      "value": "dynamicIndex"
                    }
                  }
                }
              }
            }
          },
          {
            "widget": "Container",
            "color": {
              "key": "Colors",
              "value": "white"
            },
            "height": 20
          }
        ]
      },
      "params": {
        "context": {
          "type": "BuildContext",
          "value": "context"
        }
      }
    }
  }
}